INSERT INTO DM_USER (USERNAME, USERID, ROLE, ROLEID, DIRECTORY, REALNAME) VALUES ('Test user 1', -1031, 'APPROVE', 2, '/tmp', 'test user1');
INSERT INTO DM_USER (USERNAME, USERID, ROLE, ROLEID, DIRECTORY, REALNAME) VALUES ('Test user 2', -1032, 'APPROVE', 2, '/tmp', 'test user2');

INSERT INTO DM_GROUP (GROUP_ID, GROUP_NAME, OWNER_ID) VALUES (-1011, 'PNX001ADM', -1);
INSERT INTO DM_GROUP (GROUP_ID, GROUP_NAME, OWNER_ID) VALUES (-1012, 'PNX001SCW', -1);
INSERT INTO DM_GROUP (GROUP_ID, GROUP_NAME, OWNER_ID) VALUES (-1013, 'PNX003ADM', -1);

INSERT INTO DM_GROUP_MEMBERS (GROUP_ID, USER_ID, ROLE) VALUES (-1011, -1031, 'Mem');
INSERT INTO DM_GROUP_MEMBERS (GROUP_ID, USER_ID, ROLE) VALUES (-1011, -1032, 'Mem');
INSERT INTO DM_GROUP_MEMBERS (GROUP_ID, USER_ID, ROLE) VALUES (-1012, -1031, 'Mem');
INSERT INTO DM_GROUP_MEMBERS (GROUP_ID, USER_ID, ROLE) VALUES (-1012, -1032, 'Mem');
INSERT INTO DM_GROUP_MEMBERS (GROUP_ID, USER_ID, ROLE) VALUES (-1013, -1031, 'Mem');
INSERT INTO DM_GROUP_MEMBERS (GROUP_ID, USER_ID, ROLE) VALUES (-1013, -1032, 'Mem');

INSERT INTO DM_ACL (ACL_ID, GROUP_ID, PRIV_ID, STATE_ID) VALUES (-65, -1011, 15, null);
INSERT INTO DM_ACL (ACL_ID, GROUP_ID, PRIV_ID, STATE_ID) VALUES (-65, -1011, 10, null);
INSERT INTO DM_ACL (ACL_ID, GROUP_ID, PRIV_ID, STATE_ID) VALUES (-65, -1012, 15, 42);
INSERT INTO DM_ACL (ACL_ID, GROUP_ID, PRIV_ID, STATE_ID) VALUES (-61, -1011, 15, 42);
INSERT INTO DM_ACL (ACL_ID, GROUP_ID, PRIV_ID, STATE_ID) VALUES (-61, -1011, 15, 42);
INSERT INTO DM_ACL (ACL_ID, GROUP_ID, PRIV_ID, STATE_ID) VALUES (-651, -1013, 15, null);
INSERT INTO DM_ACL (ACL_ID, GROUP_ID, PRIV_ID, STATE_ID) VALUES (-651, -1013, 10, null);
INSERT INTO DM_ACL (ACL_ID, GROUP_ID, PRIV_ID, STATE_ID) VALUES (-651, -1013, 15, 42);

INSERT INTO DM_ACL_NAMES (ACL_ID, ACL_NAME) VALUES (-65, 'PNX001');
INSERT INTO DM_ACL_NAMES (ACL_ID, ACL_NAME) VALUES (-61, 'PNX002');
INSERT INTO DM_ACL_NAMES (ACL_ID, ACL_NAME) VALUES (-651,'PNX003');
INSERT INTO DM_ACL_NAMES (ACL_ID, ACL_NAME) VALUES (-62, 'PNX004');
INSERT INTO DM_ACL_NAMES (ACL_ID, ACL_NAME) VALUES (-63, 'PNX005');


INSERT INTO VT_PHOENIX_ATTRIBUTE (ATTRIBUTE_ID) VALUES (-51);
INSERT INTO VT_PHOENIX_ATTRIBUTE (ATTRIBUTE_ID) VALUES (-52);
INSERT INTO VT_PHOENIX_ATTRIBUTE (ATTRIBUTE_ID) VALUES (-53);
INSERT INTO VT_PHOENIX_ATTRIBUTE (ATTRIBUTE_ID) VALUES (-54);

INSERT INTO VT_PHOENIX_DOCTYPE (DOCTYPE_ID) VALUES (-31);
INSERT INTO VT_PHOENIX_DOCTYPE (DOCTYPE_ID) VALUES (-32);

INSERT INTO VT_PHOENIX_DOCTYPE_ATTRIBUTE (ATTRIBUTE_ID, DOCTYPE_ID) VALUES (-51, -31);
INSERT INTO VT_PHOENIX_DOCTYPE_ATTRIBUTE (ATTRIBUTE_ID, DOCTYPE_ID) VALUES (-52, -31);

INSERT INTO VT_PHOENIX_DOMAIN (DOMAIN_ID) VALUES (-11);
INSERT INTO VT_PHOENIX_DOMAIN (DOMAIN_ID) VALUES (-12);

INSERT INTO VT_PHOENIX_DOMAIN_DOCTYPE (DOMAIN_ID, DOCTYPE_ID) VALUES (-11, -31);

INSERT INTO VT_PHOENIX_DOMAIN_ATTRIBUTE (ATTRIBUTE_ID, DOMAIN_ID , SORT_ORDER , MANDATORY ) VALUES (-51, -11 , 1, 'N');
INSERT INTO VT_PHOENIX_DOMAIN_ATTRIBUTE (ATTRIBUTE_ID, DOMAIN_ID , SORT_ORDER , MANDATORY ) VALUES (-52, -11, 1, 'N');
INSERT INTO VT_PHOENIX_DOMAIN_ATTRIBUTE (ATTRIBUTE_ID, DOMAIN_ID , SORT_ORDER , MANDATORY ) VALUES (-53, -11, 1, 'N');
INSERT INTO VT_PHOENIX_DOMAIN_ATTRIBUTE (ATTRIBUTE_ID, DOMAIN_ID , SORT_ORDER , MANDATORY ) VALUES (-53, -12, 1, 'N');
INSERT INTO VT_PHOENIX_DOMAIN_ATTRIBUTE (ATTRIBUTE_ID, DOMAIN_ID , SORT_ORDER , MANDATORY ) VALUES (-54, -12, 1, 'N');

INSERT INTO VT_PHOENIX_ACL (ACL_ID, DOMAIN_ID) VALUES (-65, -11);
INSERT INTO VT_PHOENIX_ACL (ACL_ID, DOMAIN_ID) VALUES (-61, -11);
INSERT INTO VT_PHOENIX_ACL (ACL_ID, DOMAIN_ID) VALUES (-651,-11);
INSERT INTO VT_PHOENIX_ACL (ACL_ID, DOMAIN_ID) VALUES (-62, -11);
INSERT INTO VT_PHOENIX_ACL (ACL_ID, DOMAIN_ID) VALUES (-63, -12);

-- workflow document types
INSERT INTO VT_PHOENIX_ACL_DOCTYPE (ACL_ID, DOCTYPE_ID) VALUES (-65 , -31);
INSERT INTO VT_PHOENIX_ACL_DOCTYPE (ACL_ID, DOCTYPE_ID) VALUES (-65 , -32);
INSERT INTO VT_PHOENIX_ACL_DOCTYPE (ACL_ID, DOCTYPE_ID) VALUES (-651, -31);

-- approvers for workflow document types
INSERT INTO VT_PHOENIX_ACL_APPROVERS (ACL_ID, DOCTYPE_ID, USERNAME) VALUES (-65 , -31, 'testuser');
INSERT INTO VT_PHOENIX_ACL_APPROVERS (ACL_ID, DOCTYPE_ID, USERNAME) VALUES (-65 , -31, 'user1');
INSERT INTO VT_PHOENIX_ACL_APPROVERS (ACL_ID, DOCTYPE_ID, USERNAME) VALUES (-65 , -32, 'testuser');
INSERT INTO VT_PHOENIX_ACL_APPROVERS (ACL_ID, DOCTYPE_ID, USERNAME) VALUES (-65 , -32, 'user1');
INSERT INTO VT_PHOENIX_ACL_APPROVERS (ACL_ID, DOCTYPE_ID, USERNAME) VALUES (-651, -31, 'testuser');


INSERT INTO VT_PHOENIX_TREE (NODE_ID, NODE_PARENT_ID, NODE_TEXT, NODE_TYPE, ACL_ID) VALUES (-1   , -1  , 'M-1'   , 'M', -61);
INSERT INTO VT_PHOENIX_TREE (NODE_ID, NODE_PARENT_ID, NODE_TEXT, NODE_TYPE, ACL_ID) VALUES (-11  , -1  , 'M-11'  , 'M', -61);
INSERT INTO VT_PHOENIX_TREE (NODE_ID, NODE_PARENT_ID, NODE_TEXT, NODE_TYPE, ACL_ID) VALUES (-2   , -2  , 'M-2'   , 'M', -62);
INSERT INTO VT_PHOENIX_TREE (NODE_ID, NODE_PARENT_ID, NODE_TEXT, NODE_TYPE, ACL_ID) VALUES (-3   , -3  , 'M-3'   , 'M', -63);
INSERT INTO VT_PHOENIX_TREE (NODE_ID, NODE_PARENT_ID, NODE_TEXT, NODE_TYPE, ACL_ID) VALUES (-5   , -5  , 'M-5'   , 'M', -65);
INSERT INTO VT_PHOENIX_TREE (NODE_ID, NODE_PARENT_ID, NODE_TEXT, NODE_TYPE, ACL_ID) VALUES (-51  , -5  , 'S-51'  , 'S', -65);
INSERT INTO VT_PHOENIX_TREE (NODE_ID, NODE_PARENT_ID, NODE_TEXT, NODE_TYPE, ACL_ID) VALUES (-511 , -51 , 'M-511' , 'M', -651);
INSERT INTO VT_PHOENIX_TREE (NODE_ID, NODE_PARENT_ID, NODE_TEXT, NODE_TYPE, ACL_ID) VALUES (-5111, -511, 'S-5111', 'S', -651);


INSERT INTO VT_PHOENIX_DEFAULT_ATTRIBUTE (ATTRIBUTE_ID, FOLDER_ID, VALUE) VALUES (-1, -5  , 'dummy');
INSERT INTO VT_PHOENIX_DEFAULT_ATTRIBUTE (ATTRIBUTE_ID, FOLDER_ID, VALUE) VALUES (-1, -511, 'dummy');

INSERT INTO DM_OBJECT (CTX_ID, OBJ_ID, OBJ_TYPE, NAME, REV, CUR, STATUS, ACL_ID, STATE_ID) VALUES (-1, -1, 'O', 'DOC1' , 1, 'N', 'S', -65, 42);
INSERT INTO DM_OBJECT (CTX_ID, OBJ_ID, OBJ_TYPE, NAME, REV, CUR, STATUS, ACL_ID, STATE_ID) VALUES (-1, -2, 'O', 'DOC1' , 2, 'Y', 'S', -65, 42);
INSERT INTO DM_OBJECT (CTX_ID, OBJ_ID, OBJ_TYPE, NAME, REV, CUR, STATUS, ACL_ID, STATE_ID) VALUES (-1, -3, 'O', 'DOC2' , 1, 'Y', 'S', -62, 42);

INSERT INTO VT_PHOENIX_DOCUMENT (OBJ_ID, OBJ_TYPE, INDEX_ID, NODE_ID, DOCUMENT_STATUS, DOCTYPE_ID, DOMAIN_ID, PROTECT_IN_WORK) VALUES (-1, 'O', '1', -5, 'VALID',-31, -11, 'N');
INSERT INTO VT_PHOENIX_DOCUMENT (OBJ_ID, OBJ_TYPE, INDEX_ID, NODE_ID, DOCUMENT_STATUS, DOCTYPE_ID, DOMAIN_ID, PROTECT_IN_WORK) VALUES (-2, 'O', '1', -5, 'VALID',-31, -11, 'N');
INSERT INTO VT_PHOENIX_DOCUMENT (OBJ_ID, OBJ_TYPE, INDEX_ID, NODE_ID, DOCUMENT_STATUS, DOCTYPE_ID, DOMAIN_ID, PROTECT_IN_WORK) VALUES (-3, 'O', '1', -2, 'VALID',-31, -11, 'N');    
    
INSERT INTO VT_PHOENIX_ATTRIBUTE_VALUE (OBJ_ID, OBJ_TYPE, INDEX_ID, ATTRIBUTE_ID, VALUE) VALUES (-2, 'O', 1, -53, -93); 
INSERT INTO VT_PHOENIX_ATTRIBUTE_VALUE (OBJ_ID, OBJ_TYPE, INDEX_ID, ATTRIBUTE_ID, VALUE) VALUES (-3, 'O', 1, -51, null);  
INSERT INTO VT_PHOENIX_ATTRIBUTE_VALUE (OBJ_ID, OBJ_TYPE, INDEX_ID, ATTRIBUTE_ID, VALUE) VALUES (-3, 'O', 2, -52, -93); 
INSERT INTO VT_PHOENIX_ATTRIBUTE_VALUE (OBJ_ID, OBJ_TYPE, INDEX_ID, ATTRIBUTE_ID, VALUE) VALUES (-3, 'O', 2, -53, null);  


INSERT INTO CM_OPERATION (ID,USERNAME,SOURCE_ID,TARGET_FOLDER_ID,OPERATION_TYPE,TYPE,VERSION,CREATE_DATE,STATUS) values ('-1','Test user 1','-2','-11','MOVE','DocumentOperation','3',to_date('16/06/13','RR/MM/DD'),'SCHEDULED');

INSERT INTO CM_OPERATION (ID,USERNAME,SOURCE_ID,TARGET_FOLDER_ID,OPERATION_TYPE,TYPE,VERSION,CREATE_DATE,STATUS) values ('-2','Test user 1','-3','-3','MOVE','DocumentOperation','3',to_date('16/06/13','RR/MM/DD'),'SCHEDULED');

INSERT INTO CM_OPERATION_PARAM (ID ,OPERATION_ID,SOLUTION,PARAM_ID,PARAM_VALUE) values (-1 ,'-2','CONNECT_DOCUMENT_TYPE_TO_TARGET_DOMAIN', null ,null);
INSERT INTO CM_OPERATION_PARAM (ID ,OPERATION_ID,SOLUTION,PARAM_ID,PARAM_VALUE) values (-2 ,'-2','DOMAIN_ATTR', '-54' , '-92');


INSERT INTO CM_OPERATION (ID,USERNAME,SOURCE_ID,TARGET_FOLDER_ID,OPERATION_TYPE,TYPE,VERSION,CREATE_DATE,STATUS) values ('-3','Test user 1','-3','-3','MOVE','DocumentOperation','3',to_date('16/06/13','RR/MM/DD'),'SCHEDULED');

INSERT INTO CM_OPERATION_PARAM (ID ,OPERATION_ID,SOLUTION,PARAM_ID,PARAM_VALUE) values (-3 ,'-3','SELECT_ANOTHER_DOCUMENT_TYPE', '-32' ,null);
INSERT INTO CM_OPERATION_PARAM (ID ,OPERATION_ID,SOLUTION,PARAM_ID,PARAM_VALUE) values (-4 ,'-3','DOCUMENT_TYPE_ATTR', '-52' , '-91');
INSERT INTO CM_OPERATION_PARAM (ID ,OPERATION_ID,SOLUTION,PARAM_ID,PARAM_VALUE) values (-5 ,'-3','DOMAIN_ATTR', '-53' , null);
INSERT INTO CM_OPERATION_PARAM (ID ,OPERATION_ID,SOLUTION,PARAM_ID,PARAM_VALUE) values (-6 ,'-3','DOMAIN_ATTR', '-54' , '-92');
INSERT INTO CM_OPERATION_PARAM (ID ,OPERATION_ID,SOLUTION,PARAM_ID,PARAM_VALUE) values (-7 ,'-3','FAMILY_ATTR', '3' , null);


INSERT INTO CM_OPERATION (ID,USERNAME,SOURCE_ID,TARGET_FOLDER_ID,OPERATION_TYPE,TYPE,VERSION,CREATE_DATE,STATUS) values ('-4','Test user 1','-51','-11','MOVE','FolderOperation','3',to_date('16/06/13','RR/MM/DD'),'SCHEDULED');


INSERT INTO CM_OPERATION (ID,USERNAME,SOURCE_ID,TARGET_FOLDER_ID,OPERATION_TYPE,TYPE,VERSION,CREATE_DATE,STATUS) values ('-5','Test user 1','-511','-11','COPY','FolderOperation','3',to_date('16/06/13','RR/MM/DD'),'SCHEDULED');

